"country.name","year","drought.occurrence","flood.occurrence","storm.occurrence","wildfire.occurrence","drought.total.deaths","flood.total.deaths","storm.total.deaths","wildfire.total.deaths","drought.total.affected","flood.total.affected","storm.total.affected","wildfire.total.affected","drought.total.damage.mio.dollars","flood.total.damage.mio.dollars","storm.total.damage.mio.dollars","wildfire.total.damage.mio.dollars"
"Albania",1989,1,NA,NA,NA,NA,NA,NA,NA,3200000,NA,NA,NA,NA,NA,NA,NA
"Albania",1992,NA,1,NA,NA,NA,11,NA,NA,NA,35000,NA,NA,NA,7,NA,NA
"Albania",1995,NA,2,NA,NA,NA,4,NA,NA,NA,3500,NA,NA,NA,NA,NA,NA
"Albania",1997,NA,1,NA,NA,NA,NA,NA,NA,NA,8000,NA,NA,NA,NA,NA,NA
"Albania",2002,NA,1,1,NA,NA,1,6,NA,NA,66884,125000,NA,NA,18,NA,NA
"Albania",2004,NA,1,NA,NA,NA,NA,NA,NA,NA,2500,NA,NA,NA,0,NA,NA
"Albania",2005,NA,1,1,NA,NA,3,2,NA,NA,500,400000,NA,NA,NA,NA,NA
"Albania",2007,NA,NA,NA,1,NA,NA,NA,NA,NA,NA,NA,75,NA,NA,NA,NA
"Albania",2009,NA,1,NA,NA,NA,NA,NA,NA,NA,6600,NA,NA,NA,NA,NA,NA
"Albania",2010,NA,1,NA,NA,NA,NA,NA,NA,NA,14000,NA,NA,NA,NA,NA,NA
"Albania",2015,NA,3,NA,NA,NA,1,NA,NA,NA,42300,NA,NA,NA,NA,NA,NA
"Albania",2016,NA,1,NA,NA,NA,2,NA,NA,NA,4500,NA,NA,NA,NA,NA,NA
"Albania",2017,NA,1,NA,NA,NA,1,NA,NA,NA,21002,NA,NA,NA,9,NA,NA
"Albania",2018,NA,1,NA,NA,NA,NA,NA,NA,NA,800,NA,NA,NA,NA,NA,NA
"Austria",1976,NA,NA,1,NA,NA,NA,NA,NA,NA,NA,NA,NA,NA,NA,NA,NA
"Austria",1980,NA,1,NA,NA,NA,NA,NA,NA,NA,NA,NA,NA,NA,NA,NA,NA
"Austria",1981,NA,NA,1,NA,NA,NA,NA,NA,NA,NA,NA,NA,NA,NA,NA,NA
"Austria",1982,NA,1,NA,NA,NA,NA,NA,NA,NA,NA,NA,NA,NA,NA,NA,NA
"Austria",1983,NA,1,NA,NA,NA,NA,NA,NA,NA,NA,NA,NA,NA,NA,NA,NA
"Austria",1984,NA,NA,1,NA,NA,NA,12,NA,NA,NA,NA,NA,NA,NA,NA,NA
"Austria",1985,NA,1,NA,NA,NA,12,NA,NA,NA,NA,NA,NA,NA,NA,NA,NA
"Austria",1990,NA,NA,5,NA,NA,NA,3,NA,NA,NA,NA,NA,NA,NA,250,NA
"Austria",1991,NA,1,1,NA,NA,5,NA,NA,NA,NA,NA,NA,NA,82,28,NA
"Austria",1993,NA,NA,1,NA,NA,NA,NA,NA,NA,NA,NA,NA,NA,NA,1,NA
"Austria",1994,NA,NA,1,NA,NA,NA,NA,NA,NA,NA,NA,NA,NA,NA,2,NA
"Austria",1995,NA,1,NA,NA,NA,2,NA,NA,NA,NA,NA,NA,NA,0,NA,NA
"Austria",1996,NA,1,NA,NA,NA,NA,NA,NA,NA,NA,NA,NA,NA,5,NA,NA
"Austria",1997,NA,1,NA,NA,NA,3,NA,NA,NA,NA,NA,NA,NA,175,NA,NA
"Austria",1999,NA,1,NA,NA,NA,3,NA,NA,NA,NA,NA,NA,NA,32,NA,NA
"Austria",2000,NA,NA,1,NA,NA,NA,NA,NA,NA,NA,NA,NA,NA,NA,20,NA
"Austria",2002,NA,1,2,NA,NA,9,3,NA,NA,60000,300,NA,NA,2400,5,NA
"Austria",2005,NA,2,NA,NA,NA,4,NA,NA,NA,900,NA,NA,NA,700,NA,NA
"Austria",2006,NA,1,NA,NA,NA,NA,NA,NA,NA,516,NA,NA,NA,NA,NA,NA
"Austria",2007,NA,NA,1,NA,NA,NA,NA,NA,NA,NA,NA,NA,NA,NA,400,NA
"Austria",2008,NA,NA,1,NA,NA,NA,4,NA,NA,NA,NA,NA,NA,NA,500,NA
"Austria",2009,NA,2,1,NA,NA,1,NA,NA,NA,NA,NA,NA,NA,200,500,NA
"Austria",2013,NA,1,NA,NA,NA,4,NA,NA,NA,200,NA,NA,NA,1000,NA,NA
"Austria",2016,NA,1,NA,NA,NA,NA,NA,NA,NA,NA,NA,NA,NA,NA,NA,NA
"Austria",2017,NA,NA,2,NA,NA,NA,5,NA,NA,NA,330,NA,NA,NA,1,NA
"Austria",2019,NA,NA,1,NA,NA,NA,11,NA,NA,NA,NA,NA,NA,NA,NA,NA
"Azores Islands",1946,NA,NA,1,NA,NA,NA,27,NA,NA,NA,NA,NA,NA,NA,NA,NA
"Azores Islands",1996,NA,NA,1,NA,NA,NA,NA,NA,NA,NA,60,NA,NA,NA,66,NA
"Belarus",1993,NA,1,NA,NA,NA,NA,NA,NA,NA,40000,NA,NA,NA,100,NA,NA
"Belarus",1996,NA,1,NA,NA,NA,NA,NA,NA,NA,NA,NA,NA,NA,NA,NA,NA
"Belarus",1997,NA,NA,1,NA,NA,NA,5,NA,NA,NA,21390,NA,NA,NA,33,NA
"Belarus",1999,NA,1,NA,NA,NA,2,NA,NA,NA,2000,NA,NA,NA,4,NA,NA
"Belarus",2007,NA,NA,1,NA,NA,NA,NA,NA,NA,NA,NA,NA,NA,NA,10,NA
"Belarus",2018,NA,1,NA,NA,NA,NA,NA,NA,NA,50000,NA,NA,NA,NA,NA,NA
"Belgium",1906,NA,2,NA,NA,NA,6,NA,NA,NA,NA,NA,NA,NA,NA,NA,NA
"Belgium",1926,NA,1,NA,NA,NA,NA,NA,NA,NA,NA,NA,NA,NA,NA,NA,NA
"Belgium",1928,NA,1,NA,NA,NA,NA,NA,NA,NA,6000,NA,NA,NA,NA,NA,NA
"Belgium",1930,NA,1,1,NA,NA,NA,60,NA,NA,NA,NA,NA,NA,NA,NA,NA
"Belgium",1953,NA,1,NA,NA,NA,11,NA,NA,NA,350,NA,NA,NA,NA,NA,NA
"Belgium",1956,NA,1,NA,NA,NA,4,NA,NA,NA,NA,NA,NA,NA,NA,NA,NA
"Belgium",1966,NA,NA,1,NA,NA,NA,NA,NA,NA,NA,NA,NA,NA,NA,NA,NA
"Belgium",1967,NA,NA,1,NA,NA,NA,NA,NA,NA,NA,100,NA,NA,NA,NA,NA
"Belgium",1971,NA,1,NA,NA,NA,NA,NA,NA,NA,600,NA,NA,NA,NA,NA,NA
"Belgium",1972,NA,NA,1,NA,NA,NA,NA,NA,NA,NA,NA,NA,NA,NA,NA,NA
"Belgium",1976,1,NA,1,NA,NA,NA,NA,NA,NA,NA,NA,NA,NA,NA,NA,NA
"Belgium",1982,NA,NA,1,NA,NA,NA,NA,NA,NA,NA,NA,NA,NA,NA,NA,NA
"Belgium",1984,NA,1,1,NA,NA,NA,NA,NA,NA,NA,NA,NA,NA,NA,NA,NA
"Belgium",1985,NA,NA,1,NA,NA,NA,NA,NA,NA,NA,NA,NA,NA,NA,NA,NA
"Belgium",1987,NA,1,NA,NA,NA,NA,NA,NA,NA,NA,NA,NA,NA,NA,NA,NA
"Belgium",1990,NA,NA,6,NA,NA,NA,16,NA,NA,NA,NA,NA,NA,NA,980,NA
"Belgium",1993,NA,2,NA,NA,NA,NA,NA,NA,NA,600,NA,NA,NA,17,NA,NA
"Belgium",1994,NA,1,NA,NA,NA,NA,NA,NA,NA,135,NA,NA,NA,NA,NA,NA
"Belgium",1995,NA,NA,1,NA,NA,NA,6,NA,NA,NA,800,NA,NA,NA,100,NA
"Belgium",1998,NA,1,1,NA,NA,1,NA,NA,NA,140,NA,NA,NA,10,0,NA
"Belgium",1999,NA,NA,2,NA,NA,NA,2,NA,NA,NA,905,NA,NA,NA,50,NA
"Belgium",2002,NA,4,1,NA,NA,2,5,NA,NA,2400,NA,NA,NA,NA,5,NA
"Belgium",2003,NA,1,NA,NA,NA,NA,NA,NA,NA,NA,NA,NA,NA,NA,NA,NA
"Belgium",2005,NA,1,NA,NA,NA,NA,NA,NA,NA,210,NA,NA,NA,NA,NA,NA
"Belgium",2007,NA,NA,1,NA,NA,NA,2,NA,NA,NA,2,NA,NA,NA,450,NA
"Belgium",2008,NA,NA,1,NA,NA,NA,NA,NA,NA,NA,NA,NA,NA,NA,NA,NA
"Belgium",2010,NA,1,2,NA,NA,3,1,NA,NA,690,NA,NA,NA,238,160,NA
"Belgium",2011,NA,1,1,NA,NA,NA,5,NA,NA,NA,71,NA,NA,NA,99,NA
"Belgium",2013,NA,NA,2,NA,NA,NA,NA,NA,NA,NA,NA,NA,NA,NA,NA,NA
"Belgium",2014,NA,NA,1,NA,NA,NA,NA,NA,NA,NA,NA,NA,NA,NA,NA,NA
"Belgium",2016,NA,1,1,NA,NA,1,1,NA,NA,NA,NA,NA,NA,NA,NA,NA
"Belgium",2018,NA,NA,1,NA,NA,NA,1,NA,NA,NA,NA,NA,NA,NA,NA,NA
"Bosnia and Herzegovina",1999,NA,NA,1,NA,NA,NA,NA,NA,NA,NA,1090,NA,NA,NA,NA,NA
"Bosnia and Herzegovina",2000,1,NA,NA,NA,NA,NA,NA,NA,NA,NA,NA,NA,158,NA,NA,NA
"Bosnia and Herzegovina",2001,NA,1,NA,NA,NA,NA,NA,NA,NA,9000,NA,NA,NA,NA,NA,NA
"Bosnia and Herzegovina",2003,1,NA,NA,NA,NA,NA,NA,NA,62575,NA,NA,NA,140,NA,NA,NA
"Bosnia and Herzegovina",2004,NA,2,NA,NA,NA,NA,NA,NA,NA,278000,NA,NA,NA,NA,NA,NA
"Bosnia and Herzegovina",2005,NA,1,1,NA,NA,NA,4,NA,NA,3100,NA,NA,NA,NA,NA,NA
"Bosnia and Herzegovina",2009,NA,2,NA,NA,NA,NA,NA,NA,NA,3730,NA,NA,NA,NA,NA,NA
"Bosnia and Herzegovina",2010,NA,2,NA,NA,NA,3,NA,NA,NA,34910,NA,NA,NA,87,NA,NA
"Bosnia and Herzegovina",2014,NA,4,NA,NA,NA,26,NA,NA,NA,1000600,NA,NA,NA,437,NA,NA
"Bosnia and Herzegovina",2015,NA,1,NA,NA,NA,NA,NA,NA,NA,NA,NA,NA,NA,NA,NA,NA
"Bulgaria",1981,NA,NA,1,NA,NA,NA,NA,NA,NA,NA,NA,NA,NA,NA,NA,NA
"Bulgaria",1983,1,NA,NA,NA,NA,NA,NA,NA,NA,NA,NA,NA,NA,NA,NA,NA
"Bulgaria",1993,NA,NA,1,NA,NA,NA,NA,NA,NA,NA,5000,NA,NA,NA,NA,NA
"Bulgaria",1997,NA,1,NA,NA,NA,NA,NA,NA,NA,200,NA,NA,NA,NA,NA,NA
"Bulgaria",1999,NA,NA,1,NA,NA,NA,NA,NA,NA,NA,850,NA,NA,NA,NA,NA
"Bulgaria",2000,1,NA,NA,1,NA,NA,NA,7,NA,NA,NA,167,NA,NA,NA,18
"Bulgaria",2001,NA,NA,1,1,NA,NA,2,NA,NA,NA,NA,NA,NA,NA,NA,NA
"Bulgaria",2002,NA,1,NA,NA,NA,1,NA,NA,NA,NA,NA,NA,NA,1,NA,NA
"Bulgaria",2005,NA,5,1,NA,NA,39,NA,NA,NA,12200,NA,NA,NA,457,NA,NA
"Bulgaria",2006,NA,2,NA,NA,NA,NA,NA,NA,NA,NA,NA,NA,NA,NA,NA,NA
"Bulgaria",2007,NA,3,NA,2,NA,12,NA,3,NA,1070,NA,9,NA,NA,NA,2
"Bulgaria",2010,NA,1,NA,NA,NA,NA,NA,NA,NA,90,NA,NA,NA,NA,NA,NA
"Bulgaria",2012,NA,1,NA,NA,NA,5,NA,NA,NA,37950,NA,NA,NA,4,NA,NA
"Bulgaria",2014,NA,4,1,NA,NA,20,1,NA,NA,8507,40,NA,NA,387,545,NA
"Bulgaria",2015,NA,1,NA,NA,NA,5,NA,NA,NA,NA,NA,NA,NA,6,NA,NA
"Bulgaria",2018,NA,1,NA,NA,NA,NA,NA,NA,NA,600,NA,NA,NA,NA,NA,NA
"Canary Is",1957,NA,NA,1,NA,NA,NA,26,NA,NA,NA,NA,NA,NA,NA,NA,NA
"Canary Is",1999,NA,NA,1,NA,NA,NA,NA,NA,NA,NA,NA,NA,NA,NA,415,NA
"Canary Is",2001,NA,1,NA,NA,NA,7,NA,NA,NA,300,NA,NA,NA,NA,NA,NA
"Canary Is",2002,NA,1,NA,NA,NA,16,NA,NA,NA,430,NA,NA,NA,80,NA,NA
"Canary Is",2005,NA,NA,1,NA,NA,NA,19,NA,NA,NA,NA,NA,NA,NA,375,NA
"Canary Is",2007,NA,NA,NA,1,NA,NA,NA,NA,NA,NA,NA,405,NA,NA,NA,NA
"Croatia",1997,NA,NA,NA,1,NA,NA,NA,NA,NA,NA,NA,NA,NA,NA,NA,NA
"Croatia",2000,NA,1,NA,1,NA,NA,NA,1,NA,600,NA,NA,NA,NA,NA,18
"Croatia",2001,NA,1,NA,NA,NA,NA,NA,NA,NA,1200,NA,NA,NA,NA,NA,NA
"Croatia",2003,1,NA,NA,1,NA,NA,NA,NA,NA,NA,NA,NA,330,NA,NA,20
"Croatia",2005,NA,1,1,NA,NA,NA,2,NA,NA,250,NA,NA,NA,NA,NA,NA
"Croatia",2006,NA,1,NA,NA,NA,NA,NA,NA,NA,NA,NA,NA,NA,NA,NA,NA
"Croatia",2007,NA,NA,NA,2,NA,NA,NA,12,NA,NA,NA,26,NA,NA,NA,NA
"Croatia",2010,NA,2,NA,NA,NA,NA,NA,NA,NA,1110,NA,NA,NA,80,NA,NA
"Croatia",2012,NA,1,NA,NA,NA,NA,NA,NA,NA,1500,NA,NA,NA,NA,NA,NA
"Croatia",2014,NA,2,NA,NA,NA,3,NA,NA,NA,9116,NA,NA,NA,NA,NA,NA
"Croatia",2015,NA,1,NA,NA,NA,NA,NA,NA,NA,1200,NA,NA,NA,NA,NA,NA
"Croatia",2017,NA,NA,1,1,NA,NA,NA,NA,NA,NA,3500,80,NA,NA,161,NA
"Croatia",2018,NA,1,NA,NA,NA,NA,NA,NA,NA,471,NA,NA,NA,NA,NA,NA
"Czech Republic",1996,NA,1,NA,NA,NA,1,NA,NA,NA,60,NA,NA,NA,36,NA,NA
"Czech Republic",1997,NA,1,NA,NA,NA,29,NA,NA,NA,102107,NA,NA,NA,1850,NA,NA
"Czech Republic",1998,NA,1,NA,NA,NA,6,NA,NA,NA,NA,NA,NA,NA,52,NA,NA
"Czech Republic",2000,NA,1,NA,NA,NA,NA,NA,NA,NA,NA,NA,NA,NA,80,NA,NA
"Czech Republic",2002,NA,1,2,NA,NA,18,2,NA,NA,200000,NA,NA,NA,2400,20,NA
"Czech Republic",2005,NA,1,1,NA,NA,1,NA,NA,NA,NA,3,NA,NA,NA,NA,NA
"Czech Republic",2006,NA,2,NA,NA,NA,6,NA,NA,NA,4315,NA,NA,NA,NA,NA,NA
"Czech Republic",2007,NA,NA,1,NA,NA,NA,4,NA,NA,NA,NA,NA,NA,NA,150,NA
"Czech Republic",2008,NA,NA,1,NA,NA,NA,2,NA,NA,NA,NA,NA,NA,NA,50,NA
"Czech Republic",2009,NA,1,1,NA,NA,13,2,NA,NA,14450,12,NA,NA,150,NA,NA
"Czech Republic",2010,NA,3,NA,NA,NA,11,NA,NA,NA,1400,NA,NA,NA,348,NA,NA
"Czech Republic",2013,NA,1,NA,NA,NA,15,NA,NA,NA,1300000,NA,NA,NA,829,NA,NA
"Czech Republic",2017,NA,NA,1,NA,NA,NA,NA,NA,NA,NA,NA,NA,NA,NA,3,NA
"Denmark",1976,NA,NA,1,NA,NA,NA,NA,NA,NA,NA,NA,NA,NA,NA,NA,NA
"Denmark",1980,NA,NA,1,NA,NA,NA,NA,NA,NA,NA,NA,NA,NA,NA,NA,NA
"Denmark",1981,NA,NA,1,NA,NA,NA,9,NA,NA,NA,NA,NA,NA,NA,250,NA
"Denmark",1983,NA,NA,1,NA,NA,NA,2,NA,NA,NA,NA,NA,NA,NA,NA,NA
"Denmark",1985,NA,NA,1,NA,NA,NA,NA,NA,NA,NA,NA,NA,NA,NA,NA,NA
"Denmark",1990,NA,NA,3,NA,NA,NA,1,NA,NA,NA,NA,NA,NA,NA,190,NA
"Denmark",1992,1,NA,NA,NA,NA,NA,NA,NA,NA,NA,NA,NA,752,NA,NA,NA
"Denmark",1999,NA,NA,1,NA,NA,NA,7,NA,NA,NA,NA,NA,NA,NA,2605,NA
"Denmark",2002,NA,NA,1,NA,NA,NA,1,NA,NA,NA,NA,NA,NA,NA,NA,NA
"Denmark",2005,NA,NA,1,NA,NA,NA,4,NA,NA,NA,NA,NA,NA,NA,1300,NA
"Denmark",2007,NA,NA,1,NA,NA,NA,NA,NA,NA,NA,NA,NA,NA,NA,100,NA
"Denmark",2010,NA,NA,1,NA,NA,NA,NA,NA,NA,NA,NA,NA,NA,NA,NA,NA
"Denmark",2013,NA,NA,2,NA,NA,NA,2,NA,NA,NA,NA,NA,NA,NA,NA,NA
"Estonia",2005,NA,NA,1,NA,NA,NA,NA,NA,NA,NA,100,NA,NA,NA,130,NA
"Finland",1990,NA,NA,2,NA,NA,NA,NA,NA,NA,NA,NA,NA,NA,NA,10,NA
"Finland",2005,NA,1,NA,NA,NA,NA,NA,NA,NA,400,NA,NA,NA,NA,NA,NA
"France",1949,NA,NA,NA,1,NA,NA,NA,80,NA,NA,NA,NA,NA,NA,NA,NA
"France",1958,NA,1,NA,NA,NA,35,NA,NA,NA,NA,NA,NA,NA,NA,NA,NA
"France",1967,NA,NA,1,NA,NA,NA,5,NA,NA,NA,NA,NA,NA,NA,20,NA
"France",1969,NA,NA,1,NA,NA,NA,23,NA,NA,NA,NA,NA,NA,NA,NA,NA
"France",1976,NA,NA,1,NA,NA,NA,NA,NA,NA,NA,NA,NA,NA,NA,NA,NA
"France",1977,NA,1,NA,NA,NA,26,NA,NA,NA,25000,NA,NA,NA,NA,NA,NA
"France",1978,NA,1,NA,NA,NA,3,NA,NA,NA,1000,NA,NA,NA,NA,NA,NA
"France",1980,NA,1,NA,NA,NA,6,NA,NA,NA,313,NA,NA,NA,NA,NA,NA
"France",1981,NA,1,NA,NA,NA,NA,NA,NA,NA,NA,NA,NA,NA,NA,NA,NA
"France",1982,1,NA,2,1,NA,NA,12,2,NA,NA,NA,18,NA,NA,350,NA
"France",1983,NA,3,2,1,NA,18,11,12,NA,3712,NA,NA,NA,610,NA,NA
"France",1984,NA,NA,3,2,NA,NA,4,NA,NA,NA,NA,NA,NA,NA,NA,NA
"France",1985,NA,NA,1,1,NA,NA,NA,6,NA,NA,NA,130,NA,NA,NA,NA
"France",1986,NA,NA,NA,1,NA,NA,NA,5,NA,NA,NA,2000,NA,NA,NA,NA
"France",1987,NA,1,1,NA,NA,23,4,NA,NA,NA,NA,NA,NA,NA,1700,NA
"France",1988,NA,1,NA,NA,NA,10,NA,NA,NA,300,NA,NA,NA,500,NA,NA
"France",1989,1,NA,1,NA,NA,NA,9,NA,NA,NA,NA,NA,1600,NA,NA,NA
"France",1990,NA,NA,8,NA,NA,NA,43,NA,NA,NA,NA,NA,NA,NA,1910,NA
"France",1991,1,NA,NA,NA,NA,NA,NA,NA,NA,NA,NA,NA,NA,NA,NA,NA
"France",1992,NA,1,2,NA,NA,3,48,NA,NA,NA,2000,NA,NA,NA,400,NA
"France",1993,NA,1,2,NA,NA,4,12,NA,NA,NA,1720,NA,NA,600,550,NA
"France",1994,NA,3,NA,NA,NA,13,NA,NA,NA,410,NA,NA,NA,100,NA,NA
"France",1995,NA,NA,1,NA,NA,NA,16,NA,NA,NA,5000,NA,NA,NA,700,NA
"France",1996,NA,2,1,NA,NA,4,1,NA,NA,1380,NA,NA,NA,6,0,NA
"France",1997,1,NA,NA,1,NA,NA,NA,NA,NA,NA,NA,1259,10,NA,NA,NA
"France",1998,NA,NA,1,NA,NA,NA,6,NA,NA,NA,690,NA,NA,NA,150,NA
"France",1999,NA,3,3,1,NA,36,99,NA,NA,4105,3500031,6,NA,500,12000,NA
"France",2000,NA,6,1,NA,NA,5,6,NA,NA,2312,207,NA,NA,NA,NA,NA
"France",2001,NA,5,2,NA,NA,3,14,NA,NA,16882,420,NA,NA,132,NA,NA
"France",2002,NA,3,2,NA,NA,23,5,NA,NA,3480,253,NA,NA,1190,1,NA
"France",2003,NA,2,2,1,NA,10,6,5,NA,27000,70,3004,NA,1500,0,NA
"France",2004,NA,NA,1,NA,NA,NA,11,NA,NA,NA,NA,NA,NA,NA,NA,NA
"France",2005,NA,2,NA,1,NA,3,NA,2,NA,4000,NA,NA,NA,NA,NA,10
"France",2006,NA,NA,2,NA,NA,NA,5,NA,NA,NA,602,NA,NA,NA,NA,NA
"France",2007,NA,NA,3,NA,NA,NA,5,NA,NA,NA,900,NA,NA,NA,250,NA
"France",2008,NA,NA,3,NA,NA,NA,5,NA,NA,NA,2706,NA,NA,NA,80,NA
"France",2009,NA,NA,1,1,NA,NA,11,NA,NA,NA,NA,NA,NA,NA,3200,NA
"France",2010,NA,1,2,NA,NA,25,53,NA,NA,NA,500079,NA,NA,1500,4230,NA
"France",2011,NA,1,1,NA,NA,6,NA,NA,NA,2300,NA,NA,NA,NA,NA,NA
"France",2013,NA,1,2,NA,NA,2,2,NA,NA,2000,NA,NA,NA,655,NA,NA
"France",2014,NA,3,4,NA,NA,14,8,NA,NA,4000,NA,NA,NA,303,182,NA
"France",2015,NA,1,1,NA,NA,20,3,NA,NA,NA,750,NA,NA,924,NA,NA
"France",2016,NA,1,NA,NA,NA,5,NA,NA,NA,24,NA,NA,NA,2400,NA,NA
"France",2017,NA,1,1,1,NA,1,2,NA,NA,160,11,12012,NA,NA,100,NA
"France",2018,NA,2,3,NA,NA,14,6,NA,NA,4226,30,NA,NA,712,200,NA
"Germany",1920,NA,1,NA,NA,NA,NA,NA,NA,NA,NA,NA,NA,NA,20,NA,NA
"Germany",1925,NA,1,NA,NA,NA,NA,NA,NA,NA,NA,NA,NA,NA,19,NA,NA
"Germany",1926,NA,1,NA,NA,NA,NA,NA,NA,NA,NA,NA,NA,NA,31,NA,NA
"Germany",1929,NA,NA,1,NA,NA,NA,NA,NA,NA,NA,NA,NA,NA,NA,55,NA
"Germany",1953,NA,NA,1,NA,NA,NA,NA,NA,NA,NA,NA,NA,NA,NA,25,NA
"Germany",1962,NA,NA,1,NA,NA,NA,347,NA,NA,NA,NA,NA,NA,NA,600,NA
"Germany",1968,NA,NA,1,NA,NA,NA,2,NA,NA,NA,NA,NA,NA,NA,31,NA
"Germany",1972,NA,NA,1,NA,NA,NA,54,NA,NA,NA,NA,NA,NA,NA,420,NA
"Germany",1974,NA,NA,1,NA,NA,NA,NA,NA,NA,NA,NA,NA,NA,NA,22,NA
"Germany",1976,NA,NA,1,NA,NA,NA,82,NA,NA,NA,NA,NA,NA,NA,1300,NA
"Germany",1978,NA,1,NA,NA,NA,2,NA,NA,NA,NA,NA,NA,NA,330,NA,NA
"Germany",1983,NA,1,NA,1,NA,NA,NA,NA,NA,12,NA,NA,NA,NA,NA,NA
"Germany",1984,NA,NA,4,NA,NA,NA,NA,NA,NA,NA,NA,NA,NA,NA,NA,NA
"Germany",1985,NA,NA,2,NA,NA,NA,NA,NA,NA,NA,NA,NA,NA,NA,NA,NA
"Germany",1988,NA,1,NA,NA,NA,6,NA,NA,NA,3500,NA,NA,NA,NA,NA,NA
"Germany",1990,NA,NA,6,NA,NA,NA,64,NA,NA,NA,NA,NA,NA,NA,4440,NA
"Germany",1991,NA,NA,NA,NA,NA,NA,NA,NA,NA,NA,NA,NA,NA,NA,NA,NA
"Germany",1992,NA,1,NA,NA,NA,NA,NA,NA,NA,NA,NA,NA,NA,30,NA,NA
"Germany",1993,NA,1,2,NA,NA,5,6,NA,NA,100000,NA,NA,NA,600,410,NA
"Germany",1994,NA,2,2,NA,NA,2,11,NA,NA,NA,NA,NA,NA,394,1045,NA
"Germany",1995,NA,NA,2,NA,NA,NA,5,NA,NA,NA,30000,NA,NA,NA,530,NA
"Germany",1996,NA,NA,1,NA,NA,NA,NA,NA,NA,NA,NA,NA,NA,NA,0,NA
"Germany",1997,NA,1,NA,NA,NA,NA,NA,NA,NA,5200,NA,NA,NA,360,NA,NA
"Germany",1998,NA,NA,1,NA,NA,NA,3,NA,NA,NA,15,NA,NA,NA,150,NA
"Germany",1999,NA,1,2,NA,NA,7,18,NA,NA,100000,NA,NA,NA,430,1750,NA
"Germany",2001,NA,NA,1,NA,NA,NA,6,NA,NA,NA,NA,NA,NA,NA,300,NA
"Germany",2002,NA,1,3,NA,NA,27,22,NA,NA,330108,19,NA,NA,11600,2050,NA
"Germany",2003,NA,NA,2,NA,NA,NA,15,NA,NA,NA,NA,NA,NA,NA,300,NA
"Germany",2004,NA,NA,1,NA,NA,NA,2,NA,NA,NA,NA,NA,NA,NA,130,NA
"Germany",2005,NA,2,1,NA,NA,1,2,NA,NA,450,2,NA,NA,220,270,NA
"Germany",2006,NA,1,3,NA,NA,NA,11,NA,NA,1000,300,NA,NA,NA,NA,NA
"Germany",2007,NA,1,2,NA,NA,1,18,NA,NA,NA,130,NA,NA,NA,5500,NA
"Germany",2008,NA,NA,2,NA,NA,NA,8,NA,NA,NA,NA,NA,NA,NA,2700,NA
"Germany",2009,NA,1,1,NA,NA,NA,1,NA,NA,NA,NA,NA,NA,20,50,NA
"Germany",2010,NA,1,2,NA,NA,3,4,NA,NA,NA,NA,NA,NA,NA,1000,NA
"Germany",2011,NA,1,NA,NA,NA,4,NA,NA,NA,NA,NA,NA,NA,NA,NA,NA
"Germany",2013,NA,1,3,NA,NA,4,7,NA,NA,6350,2,NA,NA,12900,4800,NA
"Germany",2014,NA,NA,2,NA,NA,NA,8,NA,NA,NA,1,NA,NA,NA,400,NA
"Germany",2016,NA,1,NA,NA,NA,7,NA,NA,NA,NA,NA,NA,NA,2000,NA,NA
"Germany",2017,NA,1,2,NA,NA,NA,5,NA,NA,600,24,NA,NA,NA,899,NA
"Germany",2018,NA,NA,1,NA,NA,NA,5,NA,NA,NA,12,NA,NA,NA,588,NA
"Germany",2019,NA,NA,1,NA,NA,NA,1,NA,NA,NA,NA,NA,NA,NA,NA,NA
"Greece",1930,NA,NA,1,NA,NA,NA,22,NA,NA,NA,NA,NA,NA,NA,NA,NA
"Greece",1961,NA,NA,1,NA,NA,NA,43,NA,NA,NA,NA,NA,NA,NA,NA,NA
"Greece",1977,NA,1,NA,NA,NA,27,NA,NA,NA,1600,NA,NA,NA,28,NA,NA
"Greece",1979,NA,1,NA,NA,NA,15,NA,NA,NA,NA,NA,NA,NA,NA,NA,NA
"Greece",1983,NA,NA,NA,1,NA,NA,NA,12,NA,NA,NA,NA,NA,NA,NA,NA
"Greece",1984,NA,NA,NA,2,NA,NA,NA,NA,NA,NA,NA,200,NA,NA,NA,NA
"Greece",1985,NA,NA,NA,1,NA,NA,NA,3,NA,NA,NA,NA,NA,NA,NA,NA
"Greece",1987,NA,NA,1,1,NA,NA,48,NA,NA,NA,NA,NA,NA,NA,350,NA
"Greece",1990,1,NA,1,NA,NA,NA,3,NA,NA,NA,NA,NA,1000,NA,NA,NA
"Greece",1994,NA,1,NA,NA,NA,14,NA,NA,NA,1000,NA,NA,NA,438,NA,NA
"Greece",1995,NA,NA,NA,1,NA,NA,NA,NA,NA,NA,NA,2014,NA,NA,NA,NA
"Greece",1997,NA,1,NA,NA,NA,9,NA,NA,NA,NA,NA,NA,NA,160,NA,NA
"Greece",1998,NA,1,NA,1,NA,3,NA,14,NA,900,NA,300,NA,NA,NA,675
"Greece",2000,NA,2,NA,2,NA,1,NA,9,NA,6600,NA,109,NA,NA,NA,NA
"Greece",2001,NA,2,NA,NA,NA,11,NA,NA,NA,1050,NA,NA,NA,NA,NA,NA
"Greece",2002,NA,4,1,NA,NA,NA,2,NA,NA,390,12,NA,NA,NA,NA,NA
"Greece",2003,NA,3,NA,NA,NA,NA,NA,NA,NA,450,NA,NA,NA,600,NA,NA
"Greece",2004,NA,NA,2,NA,NA,NA,NA,NA,NA,NA,NA,NA,NA,NA,340,NA
"Greece",2006,NA,2,1,NA,NA,1,3,NA,NA,3090,600,NA,NA,6,NA,NA
"Greece",2007,NA,1,NA,2,NA,2,NA,68,NA,600,NA,5396,NA,NA,NA,1750
"Greece",2009,NA,NA,NA,2,NA,NA,NA,NA,NA,NA,NA,1040,NA,NA,NA,NA
"Greece",2010,NA,1,NA,NA,NA,1,NA,NA,NA,150,NA,NA,NA,NA,NA,NA
"Greece",2012,NA,1,NA,NA,NA,1,NA,NA,NA,200,NA,NA,NA,NA,NA,NA
"Greece",2014,NA,1,NA,NA,NA,NA,NA,NA,NA,NA,NA,NA,NA,NA,NA,NA
"Greece",2015,NA,2,NA,NA,NA,3,NA,NA,NA,500,NA,NA,NA,NA,NA,NA
"Greece",2016,NA,1,NA,NA,NA,4,NA,NA,NA,200,NA,NA,NA,56,NA,NA
"Greece",2017,NA,1,NA,NA,NA,23,NA,NA,NA,6024,NA,NA,NA,NA,NA,NA
"Greece",2018,NA,NA,NA,1,NA,NA,NA,100,NA,NA,NA,4718,NA,NA,NA,NA
"Hungary",1970,NA,1,NA,NA,NA,300,NA,NA,NA,NA,NA,NA,NA,85,NA,NA
"Hungary",1984,NA,NA,1,NA,NA,NA,4,NA,NA,NA,NA,NA,NA,NA,NA,NA
"Hungary",1986,1,NA,NA,NA,NA,NA,NA,NA,NA,NA,NA,NA,500,NA,NA,NA
"Hungary",1992,1,NA,NA,NA,NA,NA,NA,NA,NA,NA,NA,NA,384,NA,NA,NA
"Hungary",1996,NA,1,NA,NA,NA,NA,NA,NA,NA,200,NA,NA,NA,NA,NA,NA
"Hungary",1997,NA,1,NA,NA,NA,NA,NA,NA,NA,NA,NA,NA,NA,10,NA,NA
"Hungary",1999,NA,2,1,NA,NA,8,40,NA,NA,133495,NA,NA,NA,293,NA,NA
"Hungary",2000,NA,1,NA,NA,NA,1,NA,NA,NA,2000,NA,NA,NA,55,NA,NA
"Hungary",2001,NA,1,NA,NA,NA,NA,NA,NA,NA,10000,NA,NA,NA,5,NA,NA
"Hungary",2002,NA,1,NA,NA,NA,NA,NA,NA,NA,1430,NA,NA,NA,30,NA,NA
"Hungary",2003,1,NA,1,NA,NA,NA,7,NA,NA,NA,NA,NA,100,NA,NA,NA
"Hungary",2004,NA,1,NA,NA,NA,NA,NA,NA,NA,393,NA,NA,NA,NA,NA,NA
"Hungary",2005,NA,2,1,NA,NA,NA,4,NA,NA,NA,NA,NA,NA,48,NA,NA
"Hungary",2006,NA,1,1,NA,NA,NA,5,NA,NA,32000,300,NA,NA,NA,10,NA
"Hungary",2010,NA,1,NA,NA,NA,1,NA,NA,NA,2000,NA,NA,NA,440,NA,NA
"Hungary",2013,NA,1,1,NA,NA,NA,NA,NA,NA,48565,14000,NA,NA,NA,NA,NA
"Hungary",2014,NA,1,NA,NA,NA,NA,NA,NA,NA,6500,NA,NA,NA,NA,NA,NA
"Hungary",2016,NA,1,NA,NA,NA,NA,NA,NA,NA,2282,NA,NA,NA,NA,NA,NA
"Hungary",2017,NA,NA,1,NA,NA,NA,NA,NA,NA,NA,1298,NA,NA,NA,NA,NA
"Iceland",1988,NA,1,NA,NA,NA,NA,NA,NA,NA,280,NA,NA,NA,NA,NA,NA
"Ireland",1983,NA,NA,1,NA,NA,NA,10,NA,NA,NA,NA,NA,NA,NA,NA,NA
"Ireland",1986,NA,NA,1,NA,NA,NA,11,NA,NA,NA,NA,NA,NA,NA,NA,NA
"Ireland",1987,NA,1,NA,NA,NA,NA,NA,NA,NA,NA,NA,NA,NA,NA,NA,NA
"Ireland",1990,NA,NA,4,NA,NA,NA,2,NA,NA,NA,NA,NA,NA,NA,110,NA
"Ireland",1991,NA,NA,1,NA,NA,NA,NA,NA,NA,NA,NA,NA,NA,NA,4,NA
"Ireland",1993,NA,1,NA,NA,NA,3,NA,NA,NA,3500,NA,NA,NA,38,NA,NA
"Ireland",1996,NA,NA,1,NA,NA,NA,2,NA,NA,NA,NA,NA,NA,NA,1,NA
"Ireland",1998,NA,NA,1,NA,NA,NA,2,NA,NA,NA,NA,NA,NA,NA,0,NA
"Ireland",1999,NA,NA,1,NA,NA,NA,8,NA,NA,NA,NA,NA,NA,NA,100,NA
"Ireland",2000,NA,NA,1,NA,NA,NA,1,NA,NA,NA,NA,NA,NA,NA,100,NA
"Ireland",2002,NA,1,NA,NA,NA,NA,NA,NA,NA,300,NA,NA,NA,NA,NA,NA
"Ireland",2004,NA,NA,1,NA,NA,NA,NA,NA,NA,NA,200,NA,NA,NA,NA,NA
"Ireland",2005,NA,NA,1,NA,NA,NA,NA,NA,NA,NA,NA,NA,NA,NA,NA,NA
"Ireland",2009,NA,1,NA,NA,NA,NA,NA,NA,NA,NA,NA,NA,NA,NA,NA,NA
"Ireland",2011,NA,1,NA,NA,NA,2,NA,NA,NA,600,NA,NA,NA,325,NA,NA
"Ireland",2014,NA,NA,1,NA,NA,NA,1,NA,NA,NA,NA,NA,NA,NA,NA,NA
"Ireland",2015,NA,NA,1,NA,NA,NA,1,NA,NA,NA,NA,NA,NA,NA,NA,NA
"Ireland",2017,NA,1,NA,NA,NA,NA,NA,NA,NA,300,NA,NA,NA,NA,NA,NA
"Ireland",2018,NA,NA,1,NA,NA,NA,2,NA,NA,NA,NA,NA,NA,NA,NA,NA
"Italy",1939,NA,1,NA,NA,NA,10,NA,NA,NA,NA,NA,NA,NA,NA,NA,NA
"Italy",1948,NA,NA,1,NA,NA,NA,80,NA,NA,NA,NA,NA,NA,NA,NA,NA
"Italy",1951,NA,2,NA,NA,NA,163,NA,NA,NA,173500,NA,NA,NA,300,NA,NA
"Italy",1953,NA,1,NA,NA,NA,100,NA,NA,NA,4000,NA,NA,NA,NA,NA,NA
"Italy",1965,NA,1,1,NA,NA,55,37,NA,NA,NA,NA,NA,NA,NA,NA,NA
"Italy",1966,NA,1,NA,NA,NA,70,NA,NA,NA,1300000,NA,NA,NA,2000,NA,NA
"Italy",1968,NA,1,NA,NA,NA,72,NA,NA,NA,3000,NA,NA,NA,NA,NA,NA
"Italy",1970,NA,1,1,NA,NA,37,35,NA,NA,1301650,200,NA,NA,268,3,NA
"Italy",1973,NA,NA,3,NA,NA,NA,38,NA,NA,NA,5000,NA,NA,NA,480,NA
"Italy",1977,NA,2,NA,NA,NA,23,NA,NA,NA,1000,NA,NA,NA,194,NA,NA
"Italy",1978,NA,NA,1,NA,NA,NA,1,NA,NA,NA,19,NA,NA,NA,1,NA
"Italy",1983,NA,NA,NA,1,NA,NA,NA,7,NA,NA,NA,20,NA,NA,NA,NA
"Italy",1985,NA,1,NA,NA,NA,329,NA,NA,NA,30,NA,NA,NA,15,NA,NA
"Italy",1986,NA,1,NA,NA,NA,2,NA,NA,NA,NA,NA,NA,NA,20,NA,NA
"Italy",1987,NA,1,3,NA,NA,NA,33,NA,NA,NA,NA,NA,NA,70,1204,NA
"Italy",1990,NA,NA,1,2,NA,NA,6,NA,NA,NA,NA,NA,NA,NA,20,1585
"Italy",1992,NA,2,NA,NA,NA,2,NA,NA,NA,1000,NA,NA,NA,697,NA,NA
"Italy",1993,NA,NA,1,NA,NA,NA,8,NA,NA,NA,1000,NA,NA,NA,625,NA
"Italy",1994,NA,1,1,1,NA,68,3,1,NA,17300,100,300,NA,9300,NA,NA
"Italy",1996,NA,2,NA,NA,NA,17,NA,NA,NA,500,NA,NA,NA,32,NA,NA
"Italy",1997,1,NA,1,NA,NA,NA,22,NA,NA,NA,NA,NA,800,NA,NA,NA
"Italy",1999,NA,NA,NA,1,NA,NA,NA,NA,NA,NA,NA,NA,NA,NA,NA,NA
"Italy",2000,NA,4,NA,NA,NA,46,NA,NA,NA,46022,NA,NA,NA,8050,NA,NA
"Italy",2001,NA,2,1,NA,NA,2,NA,NA,NA,NA,NA,NA,NA,100,175,NA
"Italy",2002,1,3,NA,NA,NA,2,NA,NA,NA,10020,NA,NA,NA,646,NA,NA
"Italy",2003,NA,2,NA,NA,NA,3,NA,NA,NA,1350,NA,NA,NA,805,NA,NA
"Italy",2004,NA,NA,1,NA,NA,NA,2,NA,NA,NA,200,NA,NA,NA,NA,NA
"Italy",2006,NA,NA,1,NA,NA,NA,1,NA,NA,NA,NA,NA,NA,NA,NA,NA
"Italy",2007,NA,NA,NA,1,NA,NA,NA,11,NA,NA,NA,NA,NA,NA,NA,NA
"Italy",2008,NA,3,NA,NA,NA,9,NA,NA,NA,300,NA,NA,NA,278,NA,NA
"Italy",2009,NA,1,1,1,NA,35,3,2,NA,5140,NA,NA,NA,20,NA,115
"Italy",2010,NA,1,1,NA,NA,NA,3,NA,NA,300,5,NA,NA,NA,872,NA
"Italy",2011,NA,2,NA,NA,NA,16,NA,NA,NA,NA,NA,NA,NA,545,NA,NA
"Italy",2012,1,1,NA,NA,NA,4,NA,NA,NA,1200,NA,NA,1190,15,NA,NA
"Italy",2013,NA,1,NA,NA,NA,18,NA,NA,NA,2700,NA,NA,NA,780,NA,NA
"Italy",2014,NA,4,1,NA,NA,10,5,NA,NA,9611,NA,NA,NA,837,250,NA
"Italy",2015,NA,3,1,NA,NA,6,3,NA,NA,550,NA,NA,NA,274,869,NA
"Italy",2016,NA,1,NA,NA,NA,2,NA,NA,NA,400,NA,NA,NA,100,NA,NA
"Italy",2017,1,1,2,NA,NA,NA,13,NA,NA,1000,1000,NA,2300,125,220,NA
"Italy",2018,NA,1,1,NA,NA,10,12,NA,NA,23,2200,NA,NA,NA,1100,NA
"Latvia",1999,NA,NA,1,NA,NA,NA,6,NA,NA,NA,NA,NA,NA,NA,0,NA
"Latvia",2005,NA,NA,2,NA,NA,NA,NA,NA,NA,NA,NA,NA,NA,NA,325,NA
"Latvia",2018,NA,NA,NA,1,NA,NA,NA,NA,NA,NA,NA,NA,NA,NA,NA,NA
"Lithuania",1992,1,NA,NA,NA,NA,NA,NA,NA,NA,NA,NA,NA,53,NA,NA,NA
"Lithuania",1993,NA,NA,1,NA,NA,NA,6,NA,NA,NA,780000,NA,NA,NA,5,NA
"Lithuania",1999,NA,NA,1,NA,NA,NA,2,NA,NA,NA,NA,NA,NA,NA,0,NA
"Lithuania",2005,NA,1,1,NA,NA,NA,NA,NA,NA,NA,NA,NA,NA,NA,30,NA
"Lithuania",2006,1,NA,NA,NA,NA,NA,NA,NA,NA,NA,NA,NA,226,NA,NA,NA
"Lithuania",2010,NA,1,NA,NA,NA,4,NA,NA,NA,NA,NA,NA,NA,NA,NA,NA
"Lithuania",2018,1,NA,NA,NA,NA,NA,NA,NA,NA,NA,NA,NA,NA,NA,NA,NA
"Luxembourg",1983,NA,1,NA,NA,NA,NA,NA,NA,NA,NA,NA,NA,NA,NA,NA,NA
"Luxembourg",1990,NA,NA,6,NA,NA,NA,NA,NA,NA,NA,NA,NA,NA,NA,370,NA
"Luxembourg",1993,NA,1,NA,NA,NA,NA,NA,NA,NA,NA,NA,NA,NA,10,NA,NA
"Luxembourg",1995,NA,NA,1,NA,NA,NA,NA,NA,NA,NA,NA,NA,NA,NA,10,NA
"Luxembourg",2010,NA,NA,1,NA,NA,NA,NA,NA,NA,NA,NA,NA,NA,NA,31,NA
"Macedonia (the former Yugoslav Republic of)",1993,1,NA,NA,NA,NA,NA,NA,NA,10000,NA,NA,NA,NA,NA,NA,NA
"Macedonia (the former Yugoslav Republic of)",1995,NA,1,NA,NA,NA,NA,NA,NA,NA,1500,NA,NA,NA,245,NA,NA
"Macedonia (the former Yugoslav Republic of)",2000,NA,NA,NA,1,NA,NA,NA,NA,NA,NA,NA,NA,NA,NA,NA,14
"Macedonia (the former Yugoslav Republic of)",2002,NA,1,NA,NA,NA,NA,NA,NA,NA,1650,NA,NA,NA,NA,NA,NA
"Macedonia (the former Yugoslav Republic of)",2003,NA,2,NA,NA,NA,2,NA,NA,NA,4750,NA,NA,NA,NA,NA,NA
"Macedonia (the former Yugoslav Republic of)",2004,NA,1,NA,NA,NA,NA,NA,NA,NA,100000,NA,NA,NA,4,NA,NA
"Macedonia (the former Yugoslav Republic of)",2005,NA,1,1,NA,NA,NA,1,NA,NA,2000,3,NA,NA,NA,NA,NA
"Macedonia (the former Yugoslav Republic of)",2006,NA,1,NA,NA,NA,NA,NA,NA,NA,1500,NA,NA,NA,NA,NA,NA
"Macedonia (the former Yugoslav Republic of)",2007,NA,NA,NA,1,NA,NA,NA,1,NA,NA,NA,1000000,NA,NA,NA,NA
"Macedonia (the former Yugoslav Republic of)",2013,NA,1,NA,NA,NA,1,NA,NA,NA,4911,NA,NA,NA,NA,NA,NA
"Macedonia (the former Yugoslav Republic of)",2015,NA,2,NA,NA,NA,7,NA,NA,NA,105030,NA,NA,NA,87,NA,NA
"Macedonia (the former Yugoslav Republic of)",2016,NA,1,NA,NA,NA,22,NA,NA,NA,33582,NA,NA,NA,50,NA,NA
"Moldova (the Republic of)",1994,NA,1,1,NA,NA,47,3,NA,NA,25000,25580,NA,NA,300,NA,NA
"Moldova (the Republic of)",1997,NA,1,NA,NA,NA,9,NA,NA,NA,2244,NA,NA,NA,50,NA,NA
"Moldova (the Republic of)",1999,NA,1,NA,NA,NA,NA,NA,NA,NA,1713,NA,NA,NA,4,NA,NA
"Moldova (the Republic of)",2000,1,NA,1,NA,2,NA,NA,NA,NA,NA,2600000,NA,NA,NA,32,NA
"Moldova (the Republic of)",2002,NA,1,NA,NA,NA,1,NA,NA,NA,500,NA,NA,NA,1,NA,NA
"Moldova (the Republic of)",2005,NA,1,NA,NA,NA,NA,NA,NA,NA,6500,NA,NA,NA,8,NA,NA
"Moldova (the Republic of)",2007,1,NA,NA,NA,NA,NA,NA,NA,210394,NA,NA,NA,406,NA,NA,NA
"Moldova (the Republic of)",2008,NA,1,NA,NA,NA,3,NA,NA,NA,4000,NA,NA,NA,NA,NA,NA
"Moldova (the Republic of)",2010,NA,1,NA,NA,NA,1,NA,NA,NA,12000,NA,NA,NA,NA,NA,NA
"Moldova (the Republic of)",2012,1,NA,NA,NA,NA,NA,NA,NA,5800,NA,NA,NA,NA,NA,NA,NA
"Montenegro",2007,NA,1,NA,NA,NA,NA,NA,NA,NA,1086,NA,NA,NA,NA,NA,NA
"Montenegro",2009,NA,1,NA,NA,NA,NA,NA,NA,NA,450,NA,NA,NA,NA,NA,NA
"Montenegro",2010,NA,2,NA,NA,NA,NA,NA,NA,NA,6350,NA,NA,NA,NA,NA,NA
"Montenegro",2017,NA,NA,NA,1,NA,NA,NA,NA,NA,NA,NA,200,NA,NA,NA,NA
"Netherlands",1953,NA,1,NA,NA,NA,2000,NA,NA,NA,300000,NA,NA,NA,300,NA,NA
"Netherlands",1972,NA,NA,1,NA,NA,NA,NA,NA,NA,NA,NA,NA,NA,NA,NA,NA
"Netherlands",1976,NA,NA,1,NA,NA,NA,NA,NA,NA,NA,NA,NA,NA,NA,NA,NA
"Netherlands",1984,NA,NA,1,NA,NA,NA,NA,NA,NA,NA,NA,NA,NA,NA,NA,NA
"Netherlands",1985,NA,NA,1,NA,NA,NA,NA,NA,NA,NA,NA,NA,NA,NA,NA,NA
"Netherlands",1986,NA,NA,1,NA,NA,NA,NA,NA,NA,NA,NA,NA,NA,NA,NA,NA
"Netherlands",1990,NA,NA,6,NA,NA,NA,20,NA,NA,NA,NA,NA,NA,NA,1750,NA
"Netherlands",1992,NA,1,NA,NA,NA,NA,NA,NA,NA,NA,NA,NA,NA,28,NA,NA
"Netherlands",1993,NA,1,NA,NA,NA,1,NA,NA,NA,13000,NA,NA,NA,53,NA,NA
"Netherlands",1994,NA,NA,1,NA,NA,NA,NA,NA,NA,NA,NA,NA,NA,NA,2,NA
"Netherlands",1995,NA,NA,1,NA,NA,NA,1,NA,NA,NA,250000,NA,NA,NA,1180,NA
"Netherlands",1997,NA,NA,1,NA,NA,NA,2,NA,NA,NA,100,NA,NA,NA,NA,NA
"Netherlands",1998,NA,1,1,NA,NA,NA,NA,NA,NA,2000,NA,NA,NA,530,0,NA
"Netherlands",2002,NA,NA,1,NA,NA,NA,4,NA,NA,NA,NA,NA,NA,NA,300,NA
"Netherlands",2005,NA,NA,1,NA,NA,NA,NA,NA,NA,NA,1,NA,NA,NA,NA,NA
"Netherlands",2007,NA,NA,1,NA,NA,NA,7,NA,NA,NA,NA,NA,NA,NA,550,NA
"Netherlands",2008,NA,NA,1,NA,NA,NA,NA,NA,NA,NA,NA,NA,NA,NA,NA,NA
"Netherlands",2010,NA,NA,1,NA,NA,NA,NA,NA,NA,NA,NA,NA,NA,NA,28,NA
"Netherlands",2013,NA,NA,3,NA,NA,NA,2,NA,NA,NA,NA,NA,NA,NA,10,NA
"Netherlands",2016,NA,NA,1,NA,NA,NA,NA,NA,NA,NA,NA,NA,NA,NA,844,NA
"Netherlands",2018,NA,NA,1,NA,NA,NA,3,NA,NA,NA,NA,NA,NA,NA,110,NA
"Norway",1990,NA,NA,2,NA,NA,NA,NA,NA,NA,NA,NA,NA,NA,NA,130,NA
"Norway",1992,NA,NA,1,NA,NA,NA,NA,NA,NA,NA,NA,NA,NA,NA,NA,NA
"Norway",1993,NA,NA,1,NA,NA,NA,NA,NA,NA,NA,NA,NA,NA,NA,3,NA
"Norway",1995,NA,1,NA,NA,NA,1,NA,NA,NA,4000,NA,NA,NA,300,NA,NA
"Norway",2000,NA,1,NA,NA,NA,NA,NA,NA,NA,600,NA,NA,NA,NA,NA,NA
"Norway",2001,NA,1,NA,NA,NA,NA,NA,NA,NA,1500,NA,NA,NA,NA,NA,NA
"Norway",2005,NA,NA,1,NA,NA,NA,NA,NA,NA,NA,NA,NA,NA,NA,130,NA
"Norway",2008,NA,NA,1,NA,NA,NA,NA,NA,NA,NA,100,NA,NA,NA,NA,NA
"Norway",2011,NA,NA,1,NA,NA,NA,4,NA,NA,NA,500,NA,NA,NA,NA,NA
"Poland",1928,NA,NA,1,NA,NA,NA,82,NA,NA,NA,NA,NA,NA,NA,NA,NA
"Poland",1977,NA,1,NA,NA,NA,NA,NA,NA,NA,1000,NA,NA,NA,NA,NA,NA
"Poland",1980,NA,1,NA,NA,NA,NA,NA,NA,NA,4500,NA,NA,NA,NA,NA,NA
"Poland",1982,NA,1,NA,NA,NA,NA,NA,NA,NA,16824,NA,NA,NA,53,NA,NA
"Poland",1983,NA,NA,1,1,NA,NA,NA,NA,NA,NA,900,NA,NA,NA,2,NA
"Poland",1987,NA,1,NA,NA,NA,NA,NA,NA,NA,NA,NA,NA,NA,500,NA,NA
"Poland",1990,NA,NA,1,NA,NA,NA,NA,NA,NA,NA,NA,NA,NA,NA,50,NA
"Poland",1992,NA,NA,NA,1,NA,NA,NA,35,NA,NA,NA,NA,NA,NA,NA,NA
"Poland",1994,NA,NA,1,NA,NA,NA,1,NA,NA,NA,NA,NA,NA,NA,1,NA
"Poland",1997,NA,1,NA,NA,NA,55,NA,NA,NA,224500,NA,NA,NA,3500,NA,NA
"Poland",1998,NA,1,NA,NA,NA,9,NA,NA,NA,1200,NA,NA,NA,NA,NA,NA
"Poland",1999,NA,NA,1,NA,NA,NA,3,NA,NA,NA,NA,NA,NA,NA,10,NA
"Poland",2001,NA,1,NA,NA,NA,27,NA,NA,NA,15000,NA,NA,NA,700,NA,NA
"Poland",2002,NA,NA,2,NA,NA,NA,9,NA,NA,NA,NA,NA,NA,NA,0,NA
"Poland",2004,NA,1,NA,NA,NA,NA,NA,NA,NA,600,NA,NA,NA,NA,NA,NA
"Poland",2005,NA,1,2,NA,NA,2,NA,NA,NA,3600,NA,NA,NA,NA,NA,NA
"Poland",2006,NA,1,NA,NA,NA,NA,NA,NA,NA,500,NA,NA,NA,NA,NA,NA
"Poland",2007,NA,NA,2,NA,NA,NA,19,NA,NA,NA,NA,NA,NA,NA,100,NA
"Poland",2008,NA,NA,1,NA,NA,NA,2,NA,NA,NA,1060,NA,NA,NA,50,NA
"Poland",2009,NA,1,1,NA,NA,1,8,NA,NA,150,82,NA,NA,100,NA,NA
"Poland",2010,NA,2,NA,NA,NA,19,NA,NA,NA,100700,NA,NA,NA,3080,NA,NA
"Poland",2012,NA,NA,1,NA,NA,NA,1,NA,NA,NA,310,NA,NA,NA,6,NA
"Poland",2013,NA,NA,1,NA,NA,NA,4,NA,NA,NA,53,NA,NA,NA,NA,NA
"Poland",2015,NA,NA,1,NA,NA,NA,1,NA,NA,NA,1217,NA,NA,NA,NA,NA
"Poland",2016,NA,1,NA,NA,NA,2,NA,NA,NA,3,NA,NA,NA,NA,NA,NA
"Poland",2017,NA,NA,1,NA,NA,NA,6,NA,NA,NA,5844,NA,NA,NA,275,NA
"Poland",2018,1,NA,NA,NA,NA,NA,NA,NA,NA,NA,NA,NA,NA,NA,NA,NA
"Portugal",1966,NA,NA,NA,1,NA,NA,NA,25,NA,NA,NA,NA,NA,NA,NA,NA
"Portugal",1967,NA,1,NA,NA,NA,462,NA,NA,NA,1100,NA,NA,NA,3,NA,NA
"Portugal",1973,NA,NA,1,NA,NA,NA,11,NA,NA,NA,NA,NA,NA,NA,NA,NA
"Portugal",1979,NA,2,NA,NA,NA,23,NA,NA,NA,45220,NA,NA,NA,32,NA,NA
"Portugal",1981,NA,1,NA,NA,NA,30,NA,NA,NA,900,NA,NA,NA,NA,NA,NA
"Portugal",1983,1,1,NA,1,NA,19,NA,NA,NA,2000,NA,NA,95,95,NA,NA
"Portugal",1985,NA,NA,NA,1,NA,NA,NA,14,NA,NA,NA,NA,NA,NA,NA,95
"Portugal",1986,NA,NA,NA,1,NA,NA,NA,15,NA,NA,NA,50,NA,NA,NA,NA
"Portugal",1989,NA,NA,1,NA,NA,NA,NA,NA,NA,NA,NA,NA,NA,NA,NA,NA
"Portugal",1991,NA,NA,NA,1,NA,NA,NA,NA,NA,NA,NA,NA,NA,NA,NA,NA
"Portugal",1996,NA,2,NA,NA,NA,10,NA,NA,NA,3050,NA,NA,NA,13,NA,NA
"Portugal",1997,1,NA,1,NA,NA,NA,29,NA,NA,NA,200,NA,10,NA,25,NA
"Portugal",2000,NA,NA,1,NA,NA,NA,4,NA,NA,NA,70,NA,NA,NA,NA,NA
"Portugal",2001,NA,1,NA,1,NA,6,NA,NA,NA,200,NA,NA,NA,NA,NA,NA
"Portugal",2002,NA,1,NA,NA,NA,1,NA,NA,NA,60,NA,NA,NA,NA,NA,NA
"Portugal",2003,NA,1,NA,1,NA,NA,NA,14,NA,36,NA,150000,NA,NA,NA,1730
"Portugal",2004,1,NA,NA,1,NA,NA,NA,2,NA,NA,NA,NA,1338,NA,NA,NA
"Portugal",2005,NA,NA,NA,1,NA,NA,NA,15,NA,NA,NA,136,NA,NA,NA,1650
"Portugal",2006,NA,1,NA,NA,NA,NA,NA,NA,NA,240,NA,NA,NA,NA,NA,NA
"Portugal",2008,NA,1,NA,NA,NA,2,NA,NA,NA,110,NA,NA,NA,NA,NA,NA
"Portugal",2010,NA,1,1,NA,NA,43,3,NA,NA,618,NA,NA,NA,1350,270,NA
"Portugal",2013,NA,NA,2,1,NA,NA,1,9,NA,NA,3967,NA,NA,NA,NA,NA
"Portugal",2014,NA,NA,2,NA,NA,NA,1,NA,NA,NA,54,NA,NA,NA,NA,NA
"Portugal",2015,NA,1,NA,NA,NA,1,NA,NA,NA,NA,NA,NA,NA,NA,NA,NA
"Portugal",2016,NA,NA,NA,1,NA,NA,NA,3,NA,NA,NA,1161,NA,NA,NA,157
"Portugal",2017,NA,NA,NA,2,NA,NA,NA,109,NA,NA,NA,3475,NA,NA,NA,732
"Portugal",2018,NA,NA,1,1,NA,NA,2,NA,NA,NA,88,329,NA,NA,116,NA
"Romania",1926,NA,1,NA,NA,NA,1000,NA,NA,NA,NA,NA,NA,NA,NA,NA,NA
"Romania",1928,NA,NA,1,NA,NA,NA,6,NA,NA,NA,NA,NA,NA,NA,NA,NA
"Romania",1970,NA,1,NA,NA,NA,215,NA,NA,NA,238755,NA,NA,NA,500,NA,NA
"Romania",1975,NA,1,NA,NA,NA,60,NA,NA,NA,1000000,NA,NA,NA,50,NA,NA
"Romania",1983,1,NA,NA,NA,NA,NA,NA,NA,NA,NA,NA,NA,NA,NA,NA,NA
"Romania",1984,NA,1,NA,NA,NA,NA,NA,NA,NA,2000,NA,NA,NA,NA,NA,NA
"Romania",1991,NA,1,NA,NA,NA,108,NA,NA,NA,15000,NA,NA,NA,50,NA,NA
"Romania",1993,NA,NA,1,NA,NA,NA,3,NA,NA,NA,200,NA,NA,NA,NA,NA
"Romania",1994,NA,1,1,NA,NA,2,NA,NA,NA,NA,5406,NA,NA,3,NA,NA
"Romania",1995,NA,1,NA,NA,NA,2,NA,NA,NA,5000,NA,NA,NA,3,NA,NA
"Romania",1997,NA,1,1,NA,NA,20,12,NA,NA,122320,60,NA,NA,110,NA,NA
"Romania",1998,NA,1,NA,NA,NA,31,NA,NA,NA,12000,NA,NA,NA,150,NA,NA
"Romania",1999,NA,2,NA,NA,NA,34,NA,NA,NA,9033,NA,NA,NA,60,NA,NA
"Romania",2000,1,2,1,NA,NA,9,14,NA,NA,63431,300,NA,500,100,NA,NA
"Romania",2001,NA,2,NA,NA,NA,7,NA,NA,NA,14803,NA,NA,NA,135,NA,NA
"Romania",2002,NA,3,NA,NA,NA,9,NA,NA,NA,8701,NA,NA,NA,0,NA,NA
"Romania",2003,NA,2,NA,NA,NA,3,NA,NA,NA,600,NA,NA,NA,NA,NA,NA
"Romania",2004,NA,2,3,NA,NA,10,12,NA,NA,28128,2400,NA,NA,NA,NA,NA
"Romania",2005,NA,6,1,NA,NA,79,3,NA,NA,56571,NA,NA,NA,1313,NA,NA
"Romania",2006,NA,6,NA,NA,NA,51,NA,NA,NA,24583,NA,NA,NA,NA,NA,NA
"Romania",2007,NA,4,NA,NA,NA,12,NA,NA,NA,4260,NA,NA,NA,NA,NA,NA
"Romania",2008,NA,1,1,NA,NA,5,NA,NA,NA,11000,90,NA,NA,NA,NA,NA
"Romania",2009,NA,2,NA,NA,NA,11,NA,NA,NA,4,NA,NA,NA,NA,NA,NA
"Romania",2010,NA,1,NA,NA,NA,26,NA,NA,NA,12237,NA,NA,NA,1111,NA,NA
"Romania",2013,NA,1,NA,NA,NA,9,NA,NA,NA,5400,NA,NA,NA,11,NA,NA
"Romania",2014,NA,2,NA,NA,NA,4,NA,NA,NA,525,NA,NA,NA,NA,NA,NA
"Romania",2015,NA,1,NA,NA,NA,1,NA,NA,NA,1500,NA,NA,NA,NA,NA,NA
"Romania",2016,NA,2,NA,NA,NA,3,NA,NA,NA,300,NA,NA,NA,NA,NA,NA
"Romania",2017,NA,NA,1,NA,NA,NA,9,NA,NA,NA,137,NA,NA,NA,7,NA
"Romania",2018,NA,2,NA,NA,NA,NA,NA,NA,NA,2700,NA,NA,NA,NA,NA,NA
"Russian Federation (the)",1992,NA,1,NA,1,NA,NA,NA,31,NA,NA,NA,NA,NA,48,NA,NA
"Russian Federation (the)",1993,1,2,NA,NA,NA,138,NA,NA,NA,14753,NA,NA,NA,34,NA,NA
"Russian Federation (the)",1994,NA,5,2,NA,NA,46,12,NA,NA,797633,62,NA,NA,281,66,NA
"Russian Federation (the)",1995,NA,NA,3,NA,NA,NA,145,NA,NA,NA,2560,NA,NA,NA,44,NA
"Russian Federation (the)",1996,NA,2,NA,1,NA,4,NA,19,NA,234000,NA,600,NA,298,NA,NA
"Russian Federation (the)",1997,NA,1,NA,2,NA,2,NA,14,NA,500,NA,NA,NA,174,NA,NA
"Russian Federation (the)",1998,1,4,1,1,NA,14,8,3,NA,190100,160,100683,NA,16,160,270
"Russian Federation (the)",1999,NA,1,1,2,NA,NA,12,NA,NA,1200,NA,NA,NA,NA,NA,113
"Russian Federation (the)",2000,NA,8,1,5,NA,3,9,NA,NA,76501,NA,NA,NA,44,0,NA
"Russian Federation (the)",2001,NA,3,2,2,NA,37,8,NA,NA,375305,12428,NA,NA,291,17,NA
"Russian Federation (the)",2002,NA,4,2,3,NA,259,8,NA,NA,384613,NA,120,NA,1008,3,NA
"Russian Federation (the)",2003,1,1,1,1,NA,NA,NA,NA,1000000,600,NA,NA,NA,NA,NA,NA
"Russian Federation (the)",2004,NA,3,3,1,NA,18,9,9,NA,6520,6062,1000,NA,57,6,NA
"Russian Federation (the)",2005,NA,5,2,NA,NA,22,NA,NA,NA,9045,2,NA,NA,24,NA,NA
"Russian Federation (the)",2006,NA,3,NA,NA,NA,NA,NA,NA,NA,7720,NA,NA,NA,132,NA,NA
"Russian Federation (the)",2007,NA,1,1,NA,NA,NA,NA,NA,NA,14000,NA,NA,NA,26,NA,NA
"Russian Federation (the)",2010,1,2,NA,2,NA,23,NA,61,NA,48464,NA,7196,1400,66,NA,1800
"Russian Federation (the)",2011,NA,2,1,NA,NA,NA,1,NA,NA,14169,14,NA,NA,21,3,NA
"Russian Federation (the)",2012,1,4,NA,1,NA,179,NA,2,NA,46807,NA,598,1140,617,NA,NA
"Russian Federation (the)",2013,NA,2,NA,NA,NA,4,NA,NA,NA,35635,NA,NA,NA,1000,NA,NA
"Russian Federation (the)",2014,NA,1,NA,NA,NA,6,NA,NA,NA,24545,NA,NA,NA,8,NA,NA
"Russian Federation (the)",2015,NA,1,NA,1,NA,1,NA,30,NA,1500,NA,5977,NA,NA,NA,137
"Russian Federation (the)",2016,NA,3,NA,NA,NA,NA,NA,NA,NA,11696,NA,NA,NA,12,NA,NA
"Russian Federation (the)",2017,NA,1,1,NA,NA,NA,16,NA,NA,15721,201,NA,NA,NA,2,NA
"Russian Federation (the)",2018,NA,2,NA,NA,NA,10,NA,NA,NA,14975,NA,NA,NA,10,NA,NA
"Serbia",2007,NA,1,NA,NA,NA,NA,NA,NA,NA,12370,NA,NA,NA,NA,NA,NA
"Serbia",2009,NA,1,NA,NA,NA,NA,NA,NA,NA,3210,NA,NA,NA,NA,NA,NA
"Serbia",2010,NA,3,NA,NA,NA,2,NA,NA,NA,4900,NA,NA,NA,NA,NA,NA
"Serbia",2013,NA,2,NA,NA,NA,NA,NA,NA,NA,3000,NA,NA,NA,NA,NA,NA
"Serbia",2014,NA,4,NA,NA,NA,56,NA,NA,NA,59600,NA,NA,NA,2048,NA,NA
"Serbia",2016,NA,2,NA,NA,NA,NA,NA,NA,NA,8655,NA,NA,NA,100,NA,NA
"Serbia",2018,NA,1,NA,NA,NA,NA,NA,NA,NA,231,NA,NA,NA,NA,NA,NA
"Slovakia",1997,NA,1,NA,NA,NA,NA,NA,NA,NA,NA,NA,NA,NA,60,NA,NA
"Slovakia",1998,NA,1,NA,NA,NA,54,NA,NA,NA,11667,NA,NA,NA,45,NA,NA
"Slovakia",1999,NA,1,NA,NA,NA,2,NA,NA,NA,36148,NA,NA,NA,113,NA,NA
"Slovakia",2000,NA,NA,NA,1,NA,NA,NA,6,NA,NA,NA,NA,NA,NA,NA,NA
"Slovakia",2001,NA,1,NA,NA,NA,1,NA,NA,NA,NA,NA,NA,NA,6,NA,NA
"Slovakia",2002,NA,1,NA,NA,NA,NA,NA,NA,NA,NA,NA,NA,NA,3,NA,NA
"Slovakia",2004,NA,1,1,NA,NA,1,2,NA,NA,230,10324,NA,NA,NA,383,NA
"Slovakia",2005,NA,1,NA,NA,NA,1,NA,NA,NA,NA,NA,NA,NA,NA,NA,NA
"Slovakia",2006,NA,2,NA,NA,NA,1,NA,NA,NA,100,NA,NA,NA,NA,NA,NA
"Slovakia",2010,NA,2,NA,NA,NA,4,NA,NA,NA,850,NA,NA,NA,25,NA,NA
"Slovakia",2013,NA,1,NA,NA,NA,1,NA,NA,NA,NA,NA,NA,NA,NA,NA,NA
"Slovakia",2017,NA,NA,1,NA,NA,NA,NA,NA,NA,NA,NA,NA,NA,NA,NA,NA
"Slovenia",2005,NA,1,NA,NA,NA,NA,NA,NA,NA,NA,NA,NA,NA,5,NA,NA
"Slovenia",2007,NA,NA,2,NA,NA,NA,6,NA,NA,NA,1050,NA,NA,NA,392,NA
"Slovenia",2012,NA,1,NA,NA,NA,NA,NA,NA,NA,12000,NA,NA,NA,265,NA,NA
"Slovenia",2014,NA,1,NA,NA,NA,3,NA,NA,NA,2550,NA,NA,NA,NA,NA,NA
"Spain",1953,NA,1,NA,NA,NA,50,NA,NA,NA,NA,NA,NA,NA,NA,NA,NA
"Spain",1957,NA,1,NA,NA,NA,77,NA,NA,NA,NA,NA,NA,NA,NA,NA,NA
"Spain",1962,NA,1,NA,NA,NA,445,NA,NA,NA,NA,NA,NA,NA,80,NA,NA
"Spain",1971,NA,NA,1,NA,NA,NA,NA,NA,NA,NA,NA,NA,NA,NA,55,NA
"Spain",1972,NA,1,NA,NA,NA,NA,NA,NA,NA,NA,NA,NA,NA,20,NA,NA
"Spain",1973,NA,1,1,NA,NA,500,19,NA,NA,NA,NA,NA,NA,400,NA,NA
"Spain",1978,NA,1,NA,NA,NA,2,NA,NA,NA,NA,NA,NA,NA,25,NA,NA
"Spain",1979,NA,1,NA,NA,NA,20,NA,NA,NA,50,NA,NA,NA,NA,NA,NA
"Spain",1980,1,NA,NA,NA,NA,NA,NA,NA,NA,NA,NA,NA,1500,NA,NA,NA
"Spain",1981,1,NA,NA,NA,NA,NA,NA,NA,NA,NA,NA,NA,1460,NA,NA,NA
"Spain",1982,NA,2,NA,NA,NA,77,NA,NA,NA,226600,NA,NA,NA,930,NA,NA
"Spain",1983,NA,2,NA,NA,NA,45,NA,NA,NA,507600,NA,NA,NA,3900,NA,NA
"Spain",1984,NA,NA,2,1,NA,NA,9,17,NA,NA,60060,NA,NA,NA,1001,NA
"Spain",1985,NA,NA,NA,2,NA,NA,NA,NA,NA,NA,NA,300,NA,NA,NA,NA
"Spain",1987,NA,1,1,NA,NA,5,NA,NA,NA,2000,NA,NA,NA,1283,8,NA
"Spain",1989,NA,1,2,NA,NA,12,33,NA,NA,NA,NA,NA,NA,375,NA,NA
"Spain",1990,1,NA,2,NA,NA,NA,9,NA,6000000,NA,NA,NA,4500,NA,NA,NA
"Spain",1991,NA,NA,NA,1,NA,NA,NA,NA,NA,NA,NA,NA,NA,NA,NA,NA
"Spain",1994,NA,1,1,2,NA,10,12,20,NA,NA,NA,16520,NA,NA,NA,NA
"Spain",1996,NA,1,NA,NA,NA,1,NA,NA,NA,4000,NA,NA,NA,577,NA,NA
"Spain",1997,NA,1,1,NA,NA,5,21,NA,NA,400,350,NA,NA,NA,5,NA
"Spain",1998,NA,NA,1,1,NA,NA,NA,NA,NA,NA,NA,600,NA,NA,1,42
"Spain",1999,1,NA,1,NA,NA,NA,6,NA,NA,NA,NA,NA,3200,NA,100,NA
"Spain",2000,NA,2,2,1,NA,24,14,NA,NA,1000,2,NA,NA,75,NA,NA
"Spain",2001,NA,NA,1,NA,NA,NA,10,NA,NA,NA,NA,NA,NA,NA,72,NA
"Spain",2002,NA,1,NA,NA,NA,6,NA,NA,NA,50,NA,NA,NA,87,NA,NA
"Spain",2003,NA,NA,NA,1,NA,NA,NA,5,NA,NA,NA,200,NA,NA,NA,NA
"Spain",2004,NA,1,NA,1,NA,NA,NA,3,NA,600,NA,1100,NA,14,NA,3
"Spain",2005,NA,NA,NA,1,NA,NA,NA,11,NA,NA,NA,1,NA,NA,NA,2050
"Spain",2006,NA,1,NA,1,NA,NA,NA,4,NA,NA,NA,NA,NA,NA,NA,659
"Spain",2007,NA,3,1,NA,NA,5,1,NA,NA,4430,NA,NA,NA,400,NA,NA
"Spain",2009,NA,NA,1,1,NA,NA,14,6,NA,NA,NA,NA,NA,NA,1900,NA
"Spain",2010,NA,1,1,NA,NA,2,3,NA,NA,30,NA,NA,NA,NA,340,NA
"Spain",2011,NA,1,NA,NA,NA,1,NA,NA,NA,2400,NA,NA,NA,NA,NA,NA
"Spain",2012,NA,1,NA,1,NA,10,NA,4,NA,635,NA,6,NA,395,NA,NA
"Spain",2013,NA,1,1,NA,NA,NA,NA,NA,NA,600,NA,NA,NA,NA,NA,NA
"Spain",2014,NA,NA,1,NA,NA,NA,3,NA,NA,NA,NA,NA,NA,NA,NA,NA
"Spain",2015,NA,2,NA,NA,NA,8,NA,NA,NA,150,NA,NA,NA,2,NA,NA
"Spain",2016,NA,1,NA,NA,NA,5,NA,NA,NA,150,NA,NA,NA,50,NA,NA
"Spain",2017,NA,NA,NA,2,NA,NA,NA,4,NA,NA,NA,1500,NA,NA,NA,NA
"Spain",2018,NA,1,1,1,NA,13,2,NA,NA,NA,NA,NA,NA,150,NA,NA
"Sweden",1976,NA,NA,1,NA,NA,NA,NA,NA,NA,NA,NA,NA,NA,NA,NA,NA
"Sweden",1977,NA,1,NA,NA,NA,NA,NA,NA,NA,NA,NA,NA,NA,170,NA,NA
"Sweden",1985,NA,1,NA,NA,NA,11,NA,NA,NA,NA,NA,NA,NA,6,NA,NA
"Sweden",1990,NA,NA,2,NA,NA,NA,NA,NA,NA,NA,NA,NA,NA,NA,10,NA
"Sweden",1999,NA,NA,1,NA,NA,NA,3,NA,NA,NA,NA,NA,NA,NA,160,NA
"Sweden",2002,NA,NA,1,NA,NA,NA,1,NA,NA,NA,NA,NA,NA,NA,NA,NA
"Sweden",2005,NA,NA,1,NA,NA,NA,7,NA,NA,NA,NA,NA,NA,NA,2800,NA
"Sweden",2013,NA,NA,1,NA,NA,NA,7,NA,NA,NA,NA,NA,NA,NA,NA,NA
"Sweden",2018,NA,NA,NA,1,NA,NA,NA,NA,NA,NA,NA,NA,NA,NA,NA,102
"Switzerland",1976,NA,NA,1,NA,NA,NA,NA,NA,NA,NA,NA,NA,NA,NA,NA,NA
"Switzerland",1977,NA,1,NA,NA,NA,NA,NA,NA,NA,NA,NA,NA,NA,NA,NA,NA
"Switzerland",1982,NA,NA,1,NA,NA,NA,NA,NA,NA,NA,NA,NA,NA,NA,1,NA
"Switzerland",1983,NA,1,2,NA,NA,NA,NA,NA,NA,NA,140,NA,NA,NA,1,NA
"Switzerland",1984,NA,NA,1,NA,NA,NA,NA,NA,NA,NA,NA,NA,NA,NA,10,NA
"Switzerland",1985,NA,NA,1,NA,NA,NA,NA,NA,NA,NA,NA,NA,NA,NA,2,NA
"Switzerland",1986,NA,NA,2,NA,NA,NA,NA,NA,NA,NA,NA,NA,NA,NA,105,NA
"Switzerland",1987,NA,1,1,NA,NA,NA,1,NA,NA,NA,NA,NA,NA,NA,139,NA
"Switzerland",1990,NA,NA,4,NA,NA,NA,5,NA,NA,NA,NA,NA,NA,NA,280,NA
"Switzerland",1993,NA,NA,3,NA,NA,NA,2,NA,NA,NA,NA,NA,NA,NA,444,NA
"Switzerland",1994,NA,NA,1,NA,NA,NA,NA,NA,NA,NA,NA,NA,NA,NA,5,NA
"Switzerland",1997,NA,1,NA,NA,NA,NA,NA,NA,NA,NA,NA,NA,NA,68,NA,NA
"Switzerland",1998,NA,NA,1,NA,NA,NA,NA,NA,NA,NA,NA,NA,NA,NA,1,NA
"Switzerland",1999,NA,1,1,NA,NA,3,12,NA,NA,NA,NA,NA,NA,330,1500,NA
"Switzerland",2002,NA,NA,1,NA,NA,NA,1,NA,NA,NA,2,NA,NA,NA,NA,NA
"Switzerland",2003,NA,NA,1,NA,NA,NA,NA,NA,NA,NA,7,NA,NA,NA,5,NA
"Switzerland",2005,NA,1,NA,NA,NA,6,NA,NA,NA,2500,NA,NA,NA,2100,NA,NA
"Switzerland",2006,NA,1,1,NA,NA,NA,1,NA,NA,3000,NA,NA,NA,NA,NA,NA
"Switzerland",2007,NA,1,2,NA,NA,1,NA,NA,NA,101,NA,NA,NA,350,100,NA
"Switzerland",2009,NA,NA,1,NA,NA,NA,NA,NA,NA,NA,NA,NA,NA,NA,1000,NA
"Switzerland",2010,NA,NA,1,NA,NA,NA,NA,NA,NA,NA,NA,NA,NA,NA,14,NA
"Switzerland",2011,NA,NA,1,NA,NA,NA,NA,NA,NA,NA,3,NA,NA,NA,NA,NA
"Switzerland",2013,NA,NA,2,NA,NA,NA,NA,NA,NA,NA,84,NA,NA,NA,250,NA
"Switzerland",2014,NA,NA,1,NA,NA,NA,2,NA,NA,NA,NA,NA,NA,NA,NA,NA
"Switzerland",2018,NA,NA,1,NA,NA,NA,NA,NA,NA,NA,16,NA,NA,NA,NA,NA
"Switzerland",2019,NA,NA,1,NA,NA,NA,4,NA,NA,NA,NA,NA,NA,NA,NA,NA
"Ukraine",1992,NA,NA,1,NA,NA,NA,NA,NA,NA,NA,1000,NA,NA,NA,2,NA
"Ukraine",1993,NA,2,NA,NA,NA,9,NA,NA,NA,325000,NA,NA,NA,239,NA,NA
"Ukraine",1995,NA,1,NA,NA,NA,NA,NA,NA,NA,1700000,NA,NA,NA,NA,NA,NA
"Ukraine",1996,NA,1,NA,NA,NA,NA,NA,NA,NA,10000,NA,NA,NA,NA,NA,NA
"Ukraine",1997,NA,1,1,NA,NA,NA,11,NA,NA,NA,NA,NA,NA,17,34,NA
"Ukraine",1998,NA,1,NA,NA,NA,18,NA,NA,NA,24570,NA,NA,NA,1,NA,NA
"Ukraine",2000,NA,NA,3,NA,NA,NA,10,NA,NA,NA,48110,NA,NA,NA,120,NA
"Ukraine",2001,NA,1,NA,NA,NA,9,NA,NA,NA,300000,NA,NA,NA,15,NA,NA
"Ukraine",2003,NA,1,NA,NA,NA,NA,NA,NA,NA,600,NA,NA,NA,NA,NA,NA
"Ukraine",2005,NA,1,NA,NA,NA,NA,NA,NA,NA,8340,NA,NA,NA,NA,NA,NA
"Ukraine",2006,NA,2,NA,NA,NA,2,NA,NA,NA,5000,NA,NA,NA,24,NA,NA
"Ukraine",2007,NA,NA,2,NA,NA,NA,NA,NA,NA,NA,7552,NA,NA,NA,100,NA
"Ukraine",2008,NA,1,NA,NA,NA,38,NA,NA,NA,224725,NA,NA,NA,1000,NA,NA
"Ukraine",2010,NA,1,NA,NA,NA,6,NA,NA,NA,40059,NA,NA,NA,2,NA,NA
"Ukraine",2012,1,NA,NA,NA,NA,NA,NA,NA,NA,NA,NA,NA,1690,NA,NA,NA
"Ukraine",2013,NA,1,NA,NA,NA,2,NA,NA,NA,2260,NA,NA,NA,21,NA,NA
"Ukraine",2016,NA,1,NA,NA,NA,3,NA,NA,NA,200,NA,NA,NA,NA,NA,NA
"Ukraine",2018,NA,NA,1,NA,NA,NA,NA,NA,NA,NA,600,NA,NA,NA,NA,NA
"United Kingdom",1952,NA,1,NA,NA,NA,34,NA,NA,NA,NA,NA,NA,NA,NA,NA,NA
"United Kingdom",1968,NA,NA,1,NA,NA,NA,20,NA,NA,NA,700,NA,NA,NA,2,NA
"United Kingdom",1972,NA,NA,1,NA,NA,NA,NA,NA,NA,NA,NA,NA,NA,NA,NA,NA
"United Kingdom",1976,NA,NA,1,NA,NA,NA,NA,NA,NA,NA,NA,NA,NA,NA,NA,NA
"United Kingdom",1977,NA,1,NA,NA,NA,6,NA,NA,NA,NA,NA,NA,NA,1,NA,NA
"United Kingdom",1981,NA,NA,1,NA,NA,NA,12,NA,NA,NA,NA,NA,NA,NA,NA,NA
"United Kingdom",1983,NA,NA,1,NA,NA,NA,5,NA,NA,NA,12,NA,NA,NA,NA,NA
"United Kingdom",1984,NA,NA,1,NA,NA,NA,22,NA,NA,NA,NA,NA,NA,NA,82,NA
"United Kingdom",1986,NA,NA,1,NA,NA,NA,NA,NA,NA,NA,NA,NA,NA,NA,NA,NA
"United Kingdom",1987,NA,NA,1,NA,NA,NA,20,NA,NA,NA,NA,NA,NA,NA,1565,NA
"United Kingdom",1989,NA,NA,1,NA,NA,NA,13,NA,NA,NA,NA,NA,NA,NA,NA,NA
"United Kingdom",1990,NA,NA,7,NA,NA,NA,83,NA,NA,NA,NA,NA,NA,NA,4790,NA
"United Kingdom",1991,NA,NA,1,NA,NA,NA,48,NA,NA,NA,NA,NA,NA,NA,900,NA
"United Kingdom",1993,NA,2,NA,NA,NA,4,NA,NA,NA,600,NA,NA,NA,187,NA,NA
"United Kingdom",1994,NA,2,NA,NA,NA,7,NA,NA,NA,700,NA,NA,NA,236,NA,NA
"United Kingdom",1995,NA,NA,1,NA,NA,NA,9,NA,NA,NA,NA,NA,NA,NA,650,NA
"United Kingdom",1996,NA,NA,1,NA,NA,NA,5,NA,NA,NA,12000,NA,NA,NA,300,NA
"United Kingdom",1997,NA,2,NA,NA,NA,1,NA,NA,NA,NA,NA,NA,NA,248,NA,NA
"United Kingdom",1998,NA,1,3,NA,NA,5,35,NA,NA,300,253000,NA,NA,500,1365,NA
"United Kingdom",1999,NA,1,2,NA,NA,NA,11,NA,NA,330,200,NA,NA,33,101,NA
"United Kingdom",2000,NA,3,3,NA,NA,NA,16,NA,NA,1440,20104,NA,NA,5918,1500,NA
"United Kingdom",2001,NA,2,NA,NA,NA,NA,NA,NA,NA,240,NA,NA,NA,NA,NA,NA
"United Kingdom",2002,NA,3,2,NA,NA,1,14,NA,NA,750,NA,NA,NA,NA,400,NA
"United Kingdom",2004,NA,1,NA,NA,NA,NA,NA,NA,NA,1008,NA,NA,NA,96,NA,NA
"United Kingdom",2005,NA,NA,2,NA,NA,NA,10,NA,NA,NA,3000,NA,NA,NA,700,NA
"United Kingdom",2007,NA,3,1,NA,NA,14,13,NA,NA,370200,NA,NA,NA,8448,1200,NA
"United Kingdom",2008,NA,2,1,NA,NA,8,NA,NA,NA,3300,NA,NA,NA,50,NA,NA
"United Kingdom",2009,NA,1,1,NA,NA,3,2,NA,NA,3900,180,NA,NA,484,NA,NA
"United Kingdom",2010,NA,NA,1,NA,NA,NA,NA,NA,NA,NA,NA,NA,NA,NA,0,NA
"United Kingdom",2012,NA,5,NA,NA,NA,8,NA,NA,NA,3785,NA,NA,NA,2946,NA,NA
"United Kingdom",2013,NA,1,3,NA,NA,2,11,NA,NA,600,4200,NA,NA,1500,NA,NA
"United Kingdom",2014,NA,1,1,NA,NA,NA,5,NA,NA,540,18000,NA,NA,624,100,NA
"United Kingdom",2015,NA,1,1,NA,NA,NA,3,NA,NA,48000,15600,NA,NA,1200,1200,NA
"United Kingdom",2017,NA,1,NA,NA,NA,NA,NA,NA,NA,70,NA,NA,NA,NA,NA,NA
"United Kingdom",2018,NA,NA,1,NA,NA,NA,NA,NA,NA,NA,4,NA,NA,NA,NA,NA
